
{
  "descriptive": {
    "identifier": "ITMA_2026_0145",
    "title": "Interview with Liam O’Brien",
    "creators": ["Liam O’Brien", "Archivist Name"],
    "date_recorded": "2026-01-12",
    "location": "Dublin, Ireland",
    "description": "A focused interview discussing concertina traditions in County Clare.",
    "genre": "Interview",
    "subjects": ["Irish Traditional Music", "Concertina", "Clare"],
    "related_items": []
  },
  "technical": {
    "container_format": "BWF",
    "codec": "PCM",
    "sample_rate_hz": 48000,
    "bit_depth": 24,
    "channels": 1,
    "duration_seconds": 270,
    "file_size_bytes": 38880000,
    "checksum": "e3b0c44298fc1c149afbf4c8996fb92427ae41e4649b934ca495991b7852b855"
  },
  "administrative": {
    "rights_holder": "ITMA",
    "copyright_status": "Under Copyright",
    "license": "Restricted Access",
    "access_level": "research",
    "restrictions": "No public broadcast without permission."
  },
  "structural": {
    "segments": [
      {
        "id": "seg-1",
        "start_time": 0,
        "end_time": 70,
        "type": "Speech",
        "summary": "Introduction and biographical background",
        "confidence": 0.98,
        "provenance": {
          "generated_by": "EchoArchive-v1",
          "generated_at": "2026-01-13T10:00:00Z",
          "generation_method": "AI Classification",
          "human_review_status": "approved"
        }
      },
      {
        "id": "seg-2",
        "start_time": 70,
        "end_time": 222,
        "type": "Tune",
        "summary": "Liam plays a reel on concertina",
        "confidence": 0.95,
        "segment_metadata": {
          "tune_type": "Reel",
          "instruments": ["Concertina"],
          "region": "Clare"
        },
        "provenance": {
          "generated_by": "EchoArchive-v1",
          "generated_at": "2026-01-13T10:00:00Z",
          "generation_method": "AI Classification",
          "human_review_status": "unreviewed"
        }
      },
      {
        "id": "seg-3",
        "start_time": 222,
        "end_time": 270,
        "type": "Speech",
        "summary": "Closing remarks",
        "confidence": 0.99,
        "provenance": {
          "generated_by": "EchoArchive-v1",
          "generated_at": "2026-01-13T10:00:00Z",
          "generation_method": "AI Classification",
          "human_review_status": "approved"
        }
      }
    ]
  }
}
