
{
  "$schema": "https://json-schema.org/draft/2020-12/schema",
  "$id": "https://echoarchive.org/schema/archival-audio-metadata.json",
  "title": "Archival Audio Metadata",
  "description": "Standard for archival-grade audio metadata encompassing descriptive, technical, administrative, and structural layers.",
  "type": "object",
  "properties": {
    "descriptive": {
      "type": "object",
      "properties": {
        "identifier": { "type": "string", "description": "Unique archival ID (e.g. ITMA_2026_0145)" },
        "title": { "type": "string" },
        "creators": { "type": "array", "items": { "type": "string" } },
        "date_recorded": { "type": "string", "format": "date" },
        "location": { "type": "string" },
        "language": { "type": "string" },
        "description": { "type": "string" },
        "genre": { "type": "string" },
        "subjects": { "type": "array", "items": { "type": "string" } },
        "related_items": { "type": "array", "items": { "type": "string" } }
      },
      "required": ["identifier", "title"]
    },
    "technical": {
      "type": "object",
      "properties": {
        "container_format": { "enum": ["BWF", "WAV", "FLAC", "MP3"] },
        "codec": { "type": "string" },
        "sample_rate_hz": { "type": "integer" },
        "bit_depth": { "type": "integer" },
        "channels": { "type": "integer" },
        "duration_seconds": { "type": "number" },
        "file_size_bytes": { "type": "integer" },
        "checksum": { "type": "string", "description": "SHA-256 hash" }
      },
      "required": ["container_format", "sample_rate_hz", "bit_depth", "channels", "checksum"]
    },
    "structural": {
      "type": "object",
      "properties": {
        "segments": {
          "type": "array",
          "items": {
            "type": "object",
            "properties": {
              "start_time": { "type": "number" },
              "end_time": { "type": "number" },
              "type": { "enum": ["Speech", "Tune", "Song", "Silence", "Other"] },
              "summary": { "type": "string" },
              "confidence": { "type": "number", "minimum": 0, "maximum": 1 },
              "provenance": {
                "type": "object",
                "properties": {
                  "generated_by": { "type": "string" },
                  "generated_at": { "type": "string", "format": "date-time" },
                  "human_review_status": { "enum": ["unreviewed", "approved", "edited"] }
                }
              }
            },
            "required": ["start_time", "end_time", "type"]
          }
        }
      }
    }
  },
  "required": ["descriptive", "technical", "structural"]
}
